{"v":"5.5.7","fr":25,"ip":0,"op":116,"w":1500,"h":1500,"nm":"10_Smiling Face Blushing","ddd":0,"assets":[],"layers":[{"ddd":0,"ind":2,"ty":3,"nm":"SIZE","sr":1,"ks":{"o":{"a":0,"k":0,"ix":11},"r":{"a":0,"k":0,"ix":10},"p":{"a":0,"k":[754.648,756.503,0],"ix":2},"a":{"a":0,"k":[60,60,0],"ix":1},"s":{"a":0,"k":[650,650,100],"ix":6}},"ao":0,"ip":0,"op":116,"st":0,"bm":0},{"ddd":0,"ind":3,"ty":3,"nm":"Body CONTROL","parent":2,"sr":1,"ks":{"o":{"a":0,"k":0,"ix":11},"r":{"a":0,"k":0,"ix":10},"p":{"a":1,"k":[{"i":{"x":0.493,"y":1},"o":{"x":0.578,"y":0},"t":0,"s":[55.047,53.597,0],"to":[0,0,0],"ti":[0,0,0]},{"i":{"x":0.689,"y":0.831},"o":{"x":0.669,"y":0},"t":18,"s":[55.047,50.297,0],"to":[0,0,0],"ti":[-1.605,-2.175,0]},{"i":{"x":0.324,"y":1},"o":{"x":0.273,"y":0.195},"t":39,"s":[52.747,59.697,0],"to":[1.605,2.175,0],"ti":[-0.945,1.55,0]},{"i":{"x":0.407,"y":1},"o":{"x":0.464,"y":0},"t":62,"s":[60.247,59.697,0],"to":[-4.493,-0.238,0],"ti":[-0.734,3.069,0]},{"i":{"x":0.285,"y":1},"o":{"x":0.427,"y":0},"t":87,"s":[54.297,52.084,0],"to":[0.313,1.001,0],"ti":[0,0,0]},{"t":112,"s":[55.047,53.597,0]}],"ix":2},"a":{"a":0,"k":[60,60,0],"ix":1},"s":{"a":0,"k":[100.8,100.8,100],"ix":6}},"ao":0,"ip":0,"op":116,"st":0,"bm":0},{"ddd":0,"ind":4,"ty":3,"nm":"Face CONTROL","parent":9,"sr":1,"ks":{"o":{"a":0,"k":0,"ix":11},"r":{"a":1,"k":[{"i":{"x":[0.585],"y":[1]},"o":{"x":[0.505],"y":[0]},"t":0,"s":[0]},{"i":{"x":[0.678],"y":[1]},"o":{"x":[0.669],"y":[0]},"t":22,"s":[1.1]},{"i":{"x":[0.469],"y":[1]},"o":{"x":[0.348],"y":[0]},"t":43,"s":[-8.2]},{"i":{"x":[0.492],"y":[1]},"o":{"x":[0.378],"y":[0]},"t":66,"s":[5.4]},{"i":{"x":[0.381],"y":[1]},"o":{"x":[0.469],"y":[0]},"t":91,"s":[-4.7]},{"t":115,"s":[0]}],"ix":10},"p":{"a":1,"k":[{"i":{"x":0.542,"y":1},"o":{"x":0.441,"y":0},"t":0,"s":[0,0,0],"to":[0,0,0],"ti":[0,0,0]},{"i":{"x":0.413,"y":0.55},"o":{"x":0.637,"y":0},"t":18,"s":[1.507,-38.013,0],"to":[0,0,0],"ti":[-4.644,-14.477,0]},{"i":{"x":0.552,"y":1},"o":{"x":0.597,"y":0.533},"t":39,"s":[-15.399,10.36,0],"to":[3.287,10.245,0],"ti":[-6.752,21.745,0]},{"i":{"x":0.437,"y":1},"o":{"x":0.439,"y":0},"t":62,"s":[23.601,1.827,0],"to":[-15.569,17.937,0],"ti":[-0.208,12.858,0]},{"i":{"x":0.431,"y":1},"o":{"x":0.58,"y":0},"t":87,"s":[-6.445,-4.115,0],"to":[0.828,12.15,0],"ti":[0,0,0]},{"t":112,"s":[0,0,0]}],"ix":2},"a":{"a":0,"k":[60,60,0],"ix":1},"s":{"a":0,"k":[100,100,100],"ix":6}},"ao":0,"ip":0,"op":116,"st":0,"bm":0},{"ddd":0,"ind":5,"ty":4,"nm":"Light","parent":3,"sr":1,"ks":{"o":{"a":0,"k":70,"ix":11},"r":{"a":0,"k":0,"ix":10},"p":{"a":0,"k":[59.695,60,0],"ix":2},"a":{"a":0,"k":[0,0,0],"ix":1},"s":{"a":0,"k":[100,100,100],"ix":6}},"ao":0,"shapes":[{"ty":"gr","it":[{"d":1,"ty":"el","s":{"a":0,"k":[127.932,127.932],"ix":2},"p":{"a":0,"k":[0,0],"ix":3},"nm":"Ellipse Path 1","mn":"ADBE Vector Shape - Ellipse","hd":false},{"ty":"gf","o":{"a":0,"k":100,"ix":10},"r":1,"bm":0,"g":{"p":3,"k":{"a":0,"k":[0,1,1,1,0.5,1,1,1,1,1,1,1,0,1,0.361,0.5,1,0],"ix":9}},"s":{"a":0,"k":[0.744,-64.67],"ix":5},"e":{"a":0,"k":[0.658,-9.553],"ix":6},"t":1,"nm":"Gradient Fill 1","mn":"ADBE Vector Graphic - G-Fill","hd":false},{"ty":"tr","p":{"a":0,"k":[0,-0.5],"ix":2},"a":{"a":0,"k":[0,0],"ix":1},"s":{"a":0,"k":[100,100],"ix":3},"r":{"a":0,"k":0,"ix":6},"o":{"a":0,"k":100,"ix":7},"sk":{"a":0,"k":0,"ix":4},"sa":{"a":0,"k":0,"ix":5},"nm":"Transform"}],"nm":"Ellipse 2","np":3,"cix":2,"bm":0,"ix":1,"mn":"ADBE Vector Group","hd":false}],"ip":0,"op":116,"st":0,"bm":16},{"ddd":0,"ind":6,"ty":4,"nm":"Red_cheeks","parent":4,"sr":1,"ks":{"o":{"a":1,"k":[{"i":{"x":[0.48],"y":[1]},"o":{"x":[0.52],"y":[0]},"t":0,"s":[0]},{"i":{"x":[0.48],"y":[1]},"o":{"x":[0.167],"y":[0]},"t":18,"s":[70]},{"i":{"x":[0.48],"y":[1]},"o":{"x":[0.535],"y":[0]},"t":89,"s":[70]},{"t":112,"s":[0]}],"ix":11},"r":{"a":0,"k":0,"ix":10},"p":{"a":0,"k":[-99.06,38.64,0],"ix":2},"a":{"a":0,"k":[-41.195,7.168,0],"ix":1},"s":{"a":0,"k":[330.688,330.688,100],"ix":6}},"ao":0,"shapes":[{"ty":"gr","it":[{"d":2,"ty":"el","s":{"a":0,"k":[57.133,57.133],"ix":2},"p":{"a":0,"k":[0,0],"ix":3},"nm":"Ellipse Path 1","mn":"ADBE Vector Shape - Ellipse","hd":false},{"ty":"gf","o":{"a":0,"k":100,"ix":10},"r":1,"bm":0,"g":{"p":3,"k":{"a":0,"k":[0,1,0.49,0.051,0.588,1,0.506,0.025,1,1,0.522,0,0,1,0.504,0.5,1,0],"ix":9}},"s":{"a":0,"k":[0,0],"ix":5},"e":{"a":0,"k":[28.682,-0.239],"ix":6},"t":2,"h":{"a":0,"k":0,"ix":7},"a":{"a":0,"k":0,"ix":8},"nm":"Gradient Fill 1","mn":"ADBE Vector Graphic - G-Fill","hd":false},{"ty":"tr","p":{"a":0,"k":[54.846,7.168],"ix":2},"a":{"a":0,"k":[0,0],"ix":1},"s":{"a":0,"k":[100,100],"ix":3},"r":{"a":0,"k":0,"ix":6},"o":{"a":0,"k":100,"ix":7},"sk":{"a":0,"k":0,"ix":4},"sa":{"a":0,"k":0,"ix":5},"nm":"Transform"}],"nm":"Ellipse 3","np":3,"cix":2,"bm":0,"ix":1,"mn":"ADBE Vector Group","hd":false},{"ty":"gr","it":[{"d":2,"ty":"el","s":{"a":0,"k":[57.133,57.133],"ix":2},"p":{"a":0,"k":[0,0],"ix":3},"nm":"Ellipse Path 1","mn":"ADBE Vector Shape - Ellipse","hd":false},{"ty":"gf","o":{"a":0,"k":100,"ix":10},"r":1,"bm":0,"g":{"p":3,"k":{"a":0,"k":[0,1,0.49,0.051,0.588,1,0.506,0.025,1,1,0.522,0,0,1,0.504,0.5,1,0],"ix":9}},"s":{"a":0,"k":[0,0],"ix":5},"e":{"a":0,"k":[28.682,-0.239],"ix":6},"t":2,"h":{"a":0,"k":0,"ix":7},"a":{"a":0,"k":0,"ix":8},"nm":"Gradient Fill 1","mn":"ADBE Vector Graphic - G-Fill","hd":false},{"ty":"tr","p":{"a":0,"k":[-42.3,7.168],"ix":2},"a":{"a":0,"k":[0,0],"ix":1},"s":{"a":0,"k":[100,100],"ix":3},"r":{"a":0,"k":0,"ix":6},"o":{"a":0,"k":100,"ix":7},"sk":{"a":0,"k":0,"ix":4},"sa":{"a":0,"k":0,"ix":5},"nm":"Transform"}],"nm":"Ellipse 2","np":3,"cix":2,"bm":0,"ix":2,"mn":"ADBE Vector Group","hd":false}],"ip":0,"op":116,"st":0,"bm":1},{"ddd":0,"ind":7,"ty":4,"nm":"Face","parent":3,"sr":1,"ks":{"o":{"a":0,"k":100,"ix":11},"r":{"a":0,"k":0,"ix":10},"p":{"a":0,"k":[59.695,60,0],"ix":2},"a":{"a":0,"k":[0,0,0],"ix":1},"s":{"a":0,"k":[100,100,100],"ix":6}},"ao":0,"shapes":[{"ty":"gr","it":[{"ty":"gr","it":[{"ty":"gr","it":[{"ind":0,"ty":"sh","ix":1,"ks":{"a":1,"k":[{"i":{"x":0.833,"y":0.833},"o":{"x":0.167,"y":0.167},"t":30,"s":[{"i":[[4.454,0],[-1.202,-14.941],[-0.795,1.45],[-5.457,-0.001],[-1.255,-2.621],[-0.198,2.003]],"o":[[-4.454,0],[0.154,1.912],[1.422,-2.594],[5.554,0.001],[0.757,1.582],[1.39,-14.099]],"v":[[20.949,-37.767],[9.733,-16.764],[11.873,-16.415],[20.988,-24.646],[29.137,-16.545],[31.299,-16.283]],"c":true}]},{"i":{"x":0.833,"y":0.833},"o":{"x":0.167,"y":0.167},"t":32,"s":[{"i":[[4.454,0],[0.789,-4.773],[-0.795,1.45],[-4.228,-0.038],[-1.255,-2.621],[0.471,1.957]],"o":[[-4.454,0],[-0.313,1.892],[1.422,-2.594],[3.63,0.032],[0.757,1.582],[-1.245,-5.18]],"v":[[20.935,-27.328],[9.551,-21.025],[11.691,-20.677],[20.988,-24.646],[28.956,-20.806],[31.118,-20.545]],"c":true}]},{"i":{"x":0.37,"y":1},"o":{"x":0.167,"y":0.167},"t":33,"s":[{"i":[[4.454,0],[0.789,-4.773],[-0.795,1.45],[-4.228,-0.038],[-1.255,-2.621],[0.471,1.957]],"o":[[-4.454,0],[-0.313,1.892],[1.422,-2.594],[3.63,0.032],[0.757,1.582],[-1.245,-5.18]],"v":[[20.935,-27.328],[9.551,-21.025],[11.691,-20.677],[20.988,-24.646],[28.956,-20.806],[31.118,-20.545]],"c":true}]},{"i":{"x":0.833,"y":0.833},"o":{"x":0.167,"y":0},"t":37,"s":[{"i":[[4.454,0],[-1.202,-14.941],[-0.795,1.45],[-5.457,-0.001],[-1.255,-2.621],[-0.198,2.003]],"o":[[-4.454,0],[0.154,1.912],[1.422,-2.594],[5.554,0.001],[0.757,1.582],[1.39,-14.099]],"v":[[20.949,-37.767],[9.733,-16.764],[11.873,-16.415],[20.988,-24.646],[29.137,-16.545],[31.299,-16.283]],"c":true}]},{"i":{"x":0.833,"y":0.833},"o":{"x":0.167,"y":0.167},"t":75,"s":[{"i":[[4.454,0],[-1.202,-14.941],[-0.795,1.45],[-5.457,-0.001],[-1.255,-2.621],[-0.198,2.003]],"o":[[-4.454,0],[0.154,1.912],[1.422,-2.594],[5.554,0.001],[0.757,1.582],[1.39,-14.099]],"v":[[20.949,-37.767],[9.733,-16.764],[11.873,-16.415],[20.988,-24.646],[29.137,-16.545],[31.299,-16.283]],"c":true}]},{"i":{"x":0.833,"y":0.833},"o":{"x":0.167,"y":0.167},"t":77,"s":[{"i":[[4.454,0],[0.789,-4.773],[-0.795,1.45],[-4.228,-0.038],[-1.255,-2.621],[0.471,1.957]],"o":[[-4.454,0],[-0.313,1.892],[1.422,-2.594],[3.63,0.032],[0.757,1.582],[-1.245,-5.18]],"v":[[20.935,-27.328],[9.551,-21.025],[11.691,-20.677],[20.988,-24.646],[28.956,-20.806],[31.118,-20.545]],"c":true}]},{"i":{"x":0.37,"y":1},"o":{"x":0.167,"y":0.167},"t":78,"s":[{"i":[[4.454,0],[0.789,-4.773],[-0.795,1.45],[-4.228,-0.038],[-1.255,-2.621],[0.471,1.957]],"o":[[-4.454,0],[-0.313,1.892],[1.422,-2.594],[3.63,0.032],[0.757,1.582],[-1.245,-5.18]],"v":[[20.935,-27.328],[9.551,-21.025],[11.691,-20.677],[20.988,-24.646],[28.956,-20.806],[31.118,-20.545]],"c":true}]},{"t":82,"s":[{"i":[[4.454,0],[-1.202,-14.941],[-0.795,1.45],[-5.457,-0.001],[-1.255,-2.621],[-0.198,2.003]],"o":[[-4.454,0],[0.154,1.912],[1.422,-2.594],[5.554,0.001],[0.757,1.582],[1.39,-14.099]],"v":[[20.949,-37.767],[9.733,-16.764],[11.873,-16.415],[20.988,-24.646],[29.137,-16.545],[31.299,-16.283]],"c":true}]}],"ix":2},"nm":"Path 6","mn":"ADBE Vector Shape - Group","hd":false},{"ind":1,"ty":"sh","ix":2,"ks":{"a":1,"k":[{"i":{"x":0.833,"y":0.833},"o":{"x":0.167,"y":0.167},"t":30,"s":[{"i":[[4.454,0],[-0.342,-16.538],[-0.483,1.8],[-5.315,0.013],[-0.58,-2.296],[-0.07,1.047]],"o":[[-4.454,0],[0.023,1.108],[0.756,-2.82],[5.037,-0.013],[0.416,1.646],[1.078,-16.049]],"v":[[-19.367,-37.767],[-30.099,-16.423],[-27.885,-16.574],[-19.25,-24.165],[-10.754,-16.48],[-8.775,-16.423]],"c":true}]},{"i":{"x":0.833,"y":0.833},"o":{"x":0.167,"y":0.167},"t":32,"s":[{"i":[[4.454,0],[0.86,-4.687],[-0.483,1.8],[-3.49,0.011],[-0.58,-2.296],[0.273,1.013]],"o":[[-4.454,0],[-0.2,1.09],[0.756,-2.82],[3.581,-0.012],[0.416,1.646],[-1.271,-4.719]],"v":[[-19.205,-26.545],[-30.118,-19.902],[-27.904,-20.053],[-19.25,-24.165],[-10.773,-19.959],[-8.794,-19.902]],"c":true}]},{"i":{"x":0.37,"y":1},"o":{"x":0.167,"y":0.167},"t":33,"s":[{"i":[[4.454,0],[0.86,-4.687],[-0.483,1.8],[-3.49,0.011],[-0.58,-2.296],[0.273,1.013]],"o":[[-4.454,0],[-0.2,1.09],[0.756,-2.82],[3.581,-0.012],[0.416,1.646],[-1.271,-4.719]],"v":[[-19.205,-26.545],[-30.118,-19.902],[-27.904,-20.053],[-19.25,-24.165],[-10.773,-19.959],[-8.794,-19.902]],"c":true}]},{"i":{"x":0.833,"y":0.833},"o":{"x":0.167,"y":0},"t":37,"s":[{"i":[[4.454,0],[-0.342,-16.538],[-0.483,1.8],[-5.315,0.013],[-0.58,-2.296],[-0.07,1.047]],"o":[[-4.454,0],[0.023,1.108],[0.756,-2.82],[5.037,-0.013],[0.416,1.646],[1.078,-16.049]],"v":[[-19.367,-37.767],[-30.099,-16.423],[-27.885,-16.574],[-19.25,-24.165],[-10.754,-16.48],[-8.775,-16.423]],"c":true}]},{"i":{"x":0.833,"y":0.833},"o":{"x":0.167,"y":0.167},"t":75,"s":[{"i":[[4.454,0],[-0.342,-16.538],[-0.483,1.8],[-5.315,0.013],[-0.58,-2.296],[-0.07,1.047]],"o":[[-4.454,0],[0.023,1.108],[0.756,-2.82],[5.037,-0.013],[0.416,1.646],[1.078,-16.049]],"v":[[-19.367,-37.767],[-30.099,-16.423],[-27.885,-16.574],[-19.25,-24.165],[-10.754,-16.48],[-8.775,-16.423]],"c":true}]},{"i":{"x":0.833,"y":0.833},"o":{"x":0.167,"y":0.167},"t":77,"s":[{"i":[[4.454,0],[0.86,-4.687],[-0.483,1.8],[-3.49,0.011],[-0.58,-2.296],[0.273,1.013]],"o":[[-4.454,0],[-0.2,1.09],[0.756,-2.82],[3.581,-0.012],[0.416,1.646],[-1.271,-4.719]],"v":[[-19.205,-26.545],[-30.118,-19.902],[-27.904,-20.053],[-19.25,-24.165],[-10.773,-19.959],[-8.794,-19.902]],"c":true}]},{"i":{"x":0.37,"y":1},"o":{"x":0.167,"y":0.167},"t":78,"s":[{"i":[[4.454,0],[0.86,-4.687],[-0.483,1.8],[-3.49,0.011],[-0.58,-2.296],[0.273,1.013]],"o":[[-4.454,0],[-0.2,1.09],[0.756,-2.82],[3.581,-0.012],[0.416,1.646],[-1.271,-4.719]],"v":[[-19.205,-26.545],[-30.118,-19.902],[-27.904,-20.053],[-19.25,-24.165],[-10.773,-19.959],[-8.794,-19.902]],"c":true}]},{"t":82,"s":[{"i":[[4.454,0],[-0.342,-16.538],[-0.483,1.8],[-5.315,0.013],[-0.58,-2.296],[-0.07,1.047]],"o":[[-4.454,0],[0.023,1.108],[0.756,-2.82],[5.037,-0.013],[0.416,1.646],[1.078,-16.049]],"v":[[-19.367,-37.767],[-30.099,-16.423],[-27.885,-16.574],[-19.25,-24.165],[-10.754,-16.48],[-8.775,-16.423]],"c":true}]}],"ix":2},"nm":"Path 5","mn":"ADBE Vector Shape - Group","hd":false},{"ty":"tr","p":{"a":0,"k":[0.874,-11.927],"ix":2},"a":{"a":0,"k":[0.874,-26.457],"ix":1},"s":{"a":0,"k":[110.5,110.5],"ix":3},"r":{"a":0,"k":0,"ix":6},"o":{"a":0,"k":100,"ix":7},"sk":{"a":0,"k":0,"ix":4},"sa":{"a":0,"k":0,"ix":5},"nm":"Transform"}],"nm":"Group 3","np":2,"cix":2,"bm":0,"ix":1,"mn":"ADBE Vector Group","hd":false},{"ty":"gr","it":[{"ind":0,"ty":"sh","ix":1,"ks":{"a":1,"k":[{"i":{"x":0.245,"y":1},"o":{"x":0.542,"y":0},"t":2,"s":[{"i":[[26.957,-0.216],[0.91,-2.632],[-27.611,-0.402],[0.438,3.003]],"o":[[-28.092,0.225],[-0.876,2.532],[24.672,0.359],[-0.484,-3.319]],"v":[[-0.348,43.404],[-34.343,27.266],[-0.253,46.515],[35.257,27.275]],"c":true}]},{"i":{"x":0.245,"y":1},"o":{"x":0.167,"y":0},"t":27,"s":[{"i":[[26.957,-0.216],[0.91,-2.632],[-27.611,-0.402],[0.438,3.003]],"o":[[-28.092,0.225],[-0.876,2.532],[24.672,0.359],[-0.484,-3.319]],"v":[[-0.156,39.188],[-34.343,27.266],[-0.156,47.507],[35.257,27.275]],"c":true}]},{"i":{"x":0.215,"y":1},"o":{"x":0.518,"y":0},"t":89,"s":[{"i":[[26.957,-0.216],[0.91,-2.632],[-27.611,-0.402],[0.438,3.003]],"o":[[-28.092,0.225],[-0.876,2.532],[24.672,0.359],[-0.484,-3.319]],"v":[[-0.156,39.188],[-34.343,27.266],[-0.156,47.507],[35.257,27.275]],"c":true}]},{"t":115,"s":[{"i":[[26.957,-0.216],[0.91,-2.632],[-27.611,-0.402],[0.438,3.003]],"o":[[-28.092,0.225],[-0.876,2.532],[24.672,0.359],[-0.484,-3.319]],"v":[[-0.348,43.404],[-34.343,27.266],[-0.253,46.515],[35.257,27.275]],"c":true}]}],"ix":2},"nm":"Path 2","mn":"ADBE Vector Shape - Group","hd":false},{"ty":"tr","p":{"a":0,"k":[-0.549,32.107],"ix":2},"a":{"a":0,"k":[-0.549,39.145],"ix":1},"s":{"a":0,"k":[100,100],"ix":3},"r":{"a":0,"k":0,"ix":6},"o":{"a":0,"k":100,"ix":7},"sk":{"a":0,"k":0,"ix":4},"sa":{"a":0,"k":0,"ix":5},"nm":"Transform"}],"nm":"Group 1","np":1,"cix":2,"bm":0,"ix":2,"mn":"ADBE Vector Group","hd":false},{"ty":"tr","p":{"a":0,"k":[-0.549,16.288],"ix":2,"x":"var $bm_rt;\n$bm_rt = $bm_sum(value, $bm_div(thisComp.layer('Face CONTROL').transform.position, 3.33));"},"a":{"a":0,"k":[-0.549,16.288],"ix":1},"s":{"a":0,"k":[100,100],"ix":3,"x":"var $bm_rt;\n$bm_rt = $bm_sub($bm_sum(value, thisComp.layer('Face CONTROL').transform.scale), [\n    100,\n    100\n]);"},"r":{"a":0,"k":0,"ix":6,"x":"var $bm_rt;\n$bm_rt = $bm_sum(value, thisComp.layer('Face CONTROL').transform.rotation);"},"o":{"a":0,"k":100,"ix":7},"sk":{"a":0,"k":0,"ix":4},"sa":{"a":0,"k":0,"ix":5},"nm":"Transform"}],"nm":"Group 1","np":2,"cix":2,"bm":0,"ix":1,"mn":"ADBE Vector Group","hd":false},{"ind":1,"ty":"sh","ix":2,"ks":{"a":0,"k":{"i":[[-39.994,0],[0,-39.994],[39.994,0],[0,39.994]],"o":[[39.994,0],[0,39.994],[-39.994,0],[0,-39.994]],"v":[[0,-72.416],[72.416,0],[0,72.416],[-72.416,0]],"c":true},"ix":2},"nm":"Path 1","mn":"ADBE Vector Shape - Group","hd":false},{"ty":"gf","o":{"a":0,"k":100,"ix":10},"r":1,"bm":0,"g":{"p":3,"k":{"a":0,"k":[0.662,1,0.843,0.212,0.857,0.904,0.641,0.114,0.982,0.808,0.439,0.016],"ix":9}},"s":{"a":0,"k":[0.744,-13.84],"ix":5},"e":{"a":0,"k":[0.658,65.297],"ix":6},"t":2,"h":{"a":0,"k":0,"ix":7},"a":{"a":0,"k":0,"ix":8},"nm":"123","mn":"ADBE Vector Graphic - G-Fill","hd":false},{"ty":"tr","p":{"a":0,"k":[0.666,-1.301],"ix":2},"a":{"a":0,"k":[0.666,-0.801],"ix":1},"s":{"a":0,"k":[100,100],"ix":3},"r":{"a":0,"k":0,"ix":6},"o":{"a":0,"k":100,"ix":7},"sk":{"a":0,"k":0,"ix":4},"sa":{"a":0,"k":0,"ix":5},"nm":"Transform"}],"nm":"Ellipse 1","np":4,"cix":2,"bm":0,"ix":1,"mn":"ADBE Vector Group","hd":false}],"ip":0,"op":116,"st":0,"bm":0},{"ddd":0,"ind":8,"ty":4,"nm":"Dark_Base","parent":3,"sr":1,"ks":{"o":{"a":0,"k":100,"ix":11},"r":{"a":0,"k":0,"ix":10},"p":{"a":0,"k":[59.695,60,0],"ix":2},"a":{"a":0,"k":[0,0,0],"ix":1},"s":{"a":0,"k":[100,100,100],"ix":6}},"ao":0,"shapes":[{"ty":"gr","it":[{"ind":0,"ty":"sh","ix":1,"ks":{"a":0,"k":{"i":[[-39.994,0],[0,-39.994],[39.994,0],[0,39.994]],"o":[[39.994,0],[0,39.994],[-39.994,0],[0,-39.994]],"v":[[0,-72.416],[72.416,0],[0,72.416],[-72.416,0]],"c":true},"ix":2},"nm":"Path 1","mn":"ADBE Vector Shape - Group","hd":false},{"ty":"fl","c":{"a":0,"k":[0.341176470588,0.160784313725,0.027450980392,1],"ix":4},"o":{"a":0,"k":100,"ix":5},"r":1,"bm":0,"nm":"Fill 1","mn":"ADBE Vector Graphic - Fill","hd":false},{"ty":"tr","p":{"a":0,"k":[0,-0.5],"ix":2},"a":{"a":0,"k":[0,0],"ix":1},"s":{"a":0,"k":[100,100],"ix":3},"r":{"a":0,"k":0,"ix":6},"o":{"a":0,"k":100,"ix":7},"sk":{"a":0,"k":0,"ix":4},"sa":{"a":0,"k":0,"ix":5},"nm":"Transform"}],"nm":"Ellipse 1","np":3,"cix":2,"bm":0,"ix":1,"mn":"ADBE Vector Group","hd":false}],"ip":0,"op":116,"st":0,"bm":0},{"ddd":0,"ind":9,"ty":3,"nm":"Zero_Face CONTROL","parent":3,"sr":1,"ks":{"o":{"a":0,"k":0,"ix":11},"r":{"a":0,"k":0,"ix":10},"p":{"a":0,"k":[59.216,75.9,0],"ix":2},"a":{"a":0,"k":[0,0,0],"ix":1},"s":{"a":0,"k":[30,30,100],"ix":6}},"ao":0,"ip":0,"op":116,"st":0,"bm":0}],"markers":[{"tm":115,"cm":"1","dr":0}]}